{"branch_id":"c27b6064-d105-4c79-aa1b-162f629ec6a2","name":"A","settings":{"physics":{"gravity":[0,-9.8,0]},"render":{"lightmapFilterRange":10,"fog_end":1000,"lightmapFilterEnabled":false,"ambientBake":false,"tonemapping":0,"lightingAreaLightsEnabled":false,"lightingShadowType":0,"ambientBakeOcclusionContrast":0,"skybox":null,"lightingCookieAtlasResolution":2048,"fog_density":0.01,"lightmapFilterSmoothness":0.2,"gamma_correction":1,"exposure":1,"lightingShadowsEnabled":true,"fog_start":1,"skyboxIntensity":1,"global_ambient":[0.2,0.2,0.2],"ambientBakeNumSamples":1,"fog_color":[0,0,0],"lightingCells":[10,3,10],"lightmapMode":1,"lightingCookiesEnabled":false,"clusteredLightingEnabled":true,"ambientBakeSpherePart":0.4,"fog":"none","ambientBakeOcclusionBrightness":0,"lightmapMaxResolution":2048,"lightingMaxLightsPerCell":255,"lightingShadowAtlasResolution":2048,"skyboxMip":0,"lightmapSizeMultiplier":16,"skyboxRotation":[0,0,0],"skyType":"infinite","skyMeshPosition":[0,0,0],"skyMeshRotation":[0,0,0],"skyMeshScale":[1,1,1],"skyCenter":[0,1,0]}},"entities":{"029c31c4-ef4d-41df-8e8d-a5fc51c34fd2":{"name":"Root","parent":null,"resource_id":"029c31c4-ef4d-41df-8e8d-a5fc51c34fd2","tags":[],"enabled":true,"components":{},"scale":[1,1,1],"position":[0,0,0],"rotation":[0,0,0],"children":["a2d539a8-37c2-4a02-a33a-186334c7f068","824961e2-242b-4672-a943-5b289c67534c","0cab7a93-4c7b-478e-8893-37f02308dfea","28181667-1885-447a-9ecb-3f8837244178"]},"a2d539a8-37c2-4a02-a33a-186334c7f068":{"name":"Camera","parent":"029c31c4-ef4d-41df-8e8d-a5fc51c34fd2","resource_id":"a2d539a8-37c2-4a02-a33a-186334c7f068","tags":[],"enabled":true,"components":{"camera":{"fov":45,"projection":0,"clearColor":[0.118,0.118,0.118,1],"clearColorBuffer":true,"clearDepthBuffer":true,"frustumCulling":true,"enabled":true,"orthoHeight":4,"farClip":1000,"nearClip":0.1,"priority":0,"rect":[0,0,1,1],"layers":[0,1,2,3,4]},"script":{"enabled":true,"order":["orbitCamera","mouseInput"],"scripts":{"orbitCamera":{"enabled":true,"attributes":{"autoRender":false,"distanceMax":0,"distanceMin":0,"pitchAngleMax":90,"pitchAngleMin":-90,"inertiaFactor":0,"focusEntity":null,"frameOnStart":false}},"mouseInput":{"enabled":true,"attributes":{"orbitSensitivity":0.3,"distanceSensitivity":0.8}}}},"collision":{"enabled":false,"type":"capsule","halfExtents":[0.5,0.5,0.5],"radius":0.5,"axis":1,"height":2,"asset":null,"renderAsset":null,"linearOffset":[0,0,0],"angularOffset":[0,0,0]},"rigidbody":{"enabled":false,"type":"dynamic","mass":100,"linearDamping":0.99,"angularDamping":0,"linearFactor":[1,1,1],"angularFactor":[0,0,0],"friction":0.5,"restitution":0.5}},"scale":[1,1,1],"position":[2.4525539875030518,1.0327098725336727,3.2006402015686035],"rotation":[0,0,0],"children":[]},"824961e2-242b-4672-a943-5b289c67534c":{"name":"Light","parent":"029c31c4-ef4d-41df-8e8d-a5fc51c34fd2","resource_id":"824961e2-242b-4672-a943-5b289c67534c","tags":[],"enabled":true,"components":{"light":{"enabled":true,"bake":false,"bakeNumSamples":1,"bakeArea":0,"bakeDir":true,"affectDynamic":true,"affectLightmapped":false,"isStatic":false,"color":[1,1,1],"intensity":1,"type":"directional","shadowDistance":16,"range":8,"innerConeAngle":40,"outerConeAngle":45,"shape":0,"falloffMode":0,"castShadows":true,"shadowUpdateMode":2,"shadowType":0,"shadowResolution":1024,"shadowBias":0.4,"normalOffsetBias":0.05,"vsmBlurMode":1,"vsmBlurSize":11,"vsmBias":0.01,"cookieAsset":null,"cookieIntensity":1,"cookieFalloff":true,"cookieChannel":"rgb","cookieAngle":0,"cookieScale":[1,1],"cookieOffset":[0,0],"layers":[0]}},"scale":[1,1,1],"position":[2,2,-2],"rotation":[45,135,0],"children":[]},"0cab7a93-4c7b-478e-8893-37f02308dfea":{"name":"Box","parent":"029c31c4-ef4d-41df-8e8d-a5fc51c34fd2","resource_id":"0cab7a93-4c7b-478e-8893-37f02308dfea","tags":[],"enabled":true,"components":{"render":{"enabled":true,"type":"box","asset":null,"materialAssets":[164904996],"castShadows":true,"receiveShadows":true,"lightmapped":false,"lightmapSizeMultiplier":1,"castShadowsLightmap":true,"rootBone":null,"isStatic":false,"layers":[0],"batchGroupId":null},"script":{"enabled":true,"order":[],"scripts":{}}},"scale":[1,1,1],"position":[0,0.5,0],"rotation":[0,0,0],"children":[]},"28181667-1885-447a-9ecb-3f8837244178":{"name":"Plane","parent":"029c31c4-ef4d-41df-8e8d-a5fc51c34fd2","resource_id":"28181667-1885-447a-9ecb-3f8837244178","tags":[],"enabled":true,"components":{"render":{"enabled":true,"type":"plane","asset":null,"materialAssets":[null],"castShadows":true,"receiveShadows":true,"lightmapped":false,"lightmapSizeMultiplier":1,"castShadowsLightmap":true,"rootBone":null,"isStatic":false,"layers":[0],"batchGroupId":null},"collision":{"enabled":true,"type":"box","halfExtents":[3.999,0.001,4.001],"radius":0.5,"axis":1,"height":2,"asset":null,"renderAsset":null,"linearOffset":[0,0,0],"angularOffset":[0,0,0]},"rigidbody":{"enabled":true,"type":"static","mass":1,"linearDamping":0,"angularDamping":0,"linearFactor":[1,1,1],"angularFactor":[1,1,1],"friction":0.5,"restitution":0.5}},"scale":[8,1,8],"position":[0,0,0],"rotation":[0,0,0],"children":[]}},"created":"2024-01-25T07:20:31.671Z","id":1939449}